<?xml version="1.0" encoding="utf-8" standalone="yes"?>
<rss version="2.0" xmlns:atom="http://www.w3.org/2005/Atom">
  <channel>
    <title>privacy on Hans Lendorf - Much more to come ...</title>
    <link>https://gohugo.io/tags/privacy/</link>
    <description>Recent content in privacy on Hans Lendorf - Much more to come ...</description>
    <generator>Hugo -- gohugo.io</generator>
    <language>en</language>
    <copyright>Hans Lendorf</copyright>
    <lastBuildDate>Sun, 10 Mar 2019 00:00:00 +0000</lastBuildDate>
    
	<atom:link href="https://gohugo.io/tags/privacy/index.xml" rel="self" type="application/rss+xml" />
    
    
    <item>
      <title>Rich Content</title>
      <link>https://gohugo.io/post/rich-content/</link>
      <pubDate>Sun, 10 Mar 2019 00:00:00 +0000</pubDate>
      
      <guid>https://gohugo.io/post/rich-content/</guid>
      <description>&lt;p&gt;Hugo ships with several &lt;a href=&#34;https://gohugo.io/content-management/shortcodes/#use-hugo-s-built-in-shortcodes&#34;&gt;Built-in Shortcodes&lt;/a&gt; for rich content, along with a &lt;a href=&#34;https://gohugo.io/about/hugo-and-gdpr/&#34;&gt;Privacy Config&lt;/a&gt; and a set of Simple Shortcodes that enable static and no-JS versions of various social media embeds.&lt;/p&gt;</description>
    </item>
    
  </channel>
</rss>