<?xml version="1.0" encoding="utf-8" standalone="yes"?>
<rss version="2.0" xmlns:atom="http://www.w3.org/2005/Atom">
  <channel>
    <title>html on Hans Lendorf - Much more to come ...</title>
    <link>https://gohugo.io/tags/html/</link>
    <description>Recent content in html on Hans Lendorf - Much more to come ...</description>
    <generator>Hugo -- gohugo.io</generator>
    <language>en</language>
    <copyright>Hans Lendorf</copyright>
    <lastBuildDate>Mon, 11 Mar 2019 00:00:00 +0000</lastBuildDate>
    
	<atom:link href="https://gohugo.io/tags/html/index.xml" rel="self" type="application/rss+xml" />
    
    
    <item>
      <title>Markdown Syntax Guide</title>
      <link>https://gohugo.io/post/markdown-syntax/</link>
      <pubDate>Mon, 11 Mar 2019 00:00:00 +0000</pubDate>
      
      <guid>https://gohugo.io/post/markdown-syntax/</guid>
      <description>&lt;p&gt;This article offers a sample of basic Markdown syntax that can be used in Hugo content files, also it shows whether basic HTML elements are decorated with CSS in a Hugo theme.&lt;/p&gt;</description>
    </item>
    
  </channel>
</rss>