<?xml version="1.0" encoding="utf-8" standalone="yes"?>
<rss version="2.0" xmlns:atom="http://www.w3.org/2005/Atom">
  <channel>
    <title>Categories on Hans Lendorf - Much more to come ...</title>
    <link>https://gohugo.io/categories/</link>
    <description>Recent content in Categories on Hans Lendorf - Much more to come ...</description>
    <generator>Hugo -- gohugo.io</generator>
    <language>en</language>
    <copyright>Hans Lendorf</copyright>
    <lastBuildDate>Mon, 11 Mar 2019 00:00:00 +0000</lastBuildDate>
    
	<atom:link href="https://gohugo.io/categories/index.xml" rel="self" type="application/rss+xml" />
    
    
    <item>
      <title>syntax</title>
      <link>https://gohugo.io/categories/syntax/</link>
      <pubDate>Mon, 11 Mar 2019 00:00:00 +0000</pubDate>
      
      <guid>https://gohugo.io/categories/syntax/</guid>
      <description></description>
    </item>
    
    <item>
      <title>themes</title>
      <link>https://gohugo.io/categories/themes/</link>
      <pubDate>Mon, 11 Mar 2019 00:00:00 +0000</pubDate>
      
      <guid>https://gohugo.io/categories/themes/</guid>
      <description></description>
    </item>
    
  </channel>
</rss>