<?xml version="1.0" encoding="utf-8" standalone="yes"?>
<rss version="2.0" xmlns:atom="http://www.w3.org/2005/Atom">
  <channel>
    <title>index on Hans Lendorf - Much more to come ...</title>
    <link>https://gohugo.io/tags/index/</link>
    <description>Recent content in index on Hans Lendorf - Much more to come ...</description>
    <generator>Hugo -- gohugo.io</generator>
    <language>en</language>
    <copyright>Hans Lendorf</copyright>
    
	<atom:link href="https://gohugo.io/tags/index/index.xml" rel="self" type="application/rss+xml" />
    
    
    <item>
      <title>Posts</title>
      <link>https://gohugo.io/post/</link>
      <pubDate>Mon, 11 Mar 2019 00:00:00 +0000</pubDate>
      
      <guid>https://gohugo.io/post/</guid>
      <description></description>
    </item>
    
  </channel>
</rss>