<?xml version="1.0" encoding="utf-8" standalone="yes"?>
<rss version="2.0" xmlns:atom="http://www.w3.org/2005/Atom">
  <channel>
    <title>Hans Lendorf - Much more to come ...</title>
    <link>https://gohugo.io/</link>
    <description>Recent content on Hans Lendorf - Much more to come ...</description>
    <generator>Hugo -- gohugo.io</generator>
    <language>en</language>
    <copyright>Hans Lendorf</copyright>
    <lastBuildDate>Mon, 11 Mar 2019 00:00:00 +0000</lastBuildDate>
    
	<atom:link href="https://gohugo.io/index.xml" rel="self" type="application/rss+xml" />
    
    
    <item>
      <title></title>
      <link>https://gohugo.io/archives/</link>
      <pubDate>Tue, 28 May 2019 00:00:00 +0000</pubDate>
      
      <guid>https://gohugo.io/archives/</guid>
      <description></description>
    </item>
    
    <item>
      <title>Markdown Syntax Guide</title>
      <link>https://gohugo.io/post/markdown-syntax/</link>
      <pubDate>Mon, 11 Mar 2019 00:00:00 +0000</pubDate>
      
      <guid>https://gohugo.io/post/markdown-syntax/</guid>
      <description>&lt;p&gt;This article offers a sample of basic Markdown syntax that can be used in Hugo content files, also it shows whether basic HTML elements are decorated with CSS in a Hugo theme.&lt;/p&gt;</description>
    </item>
    
    <item>
      <title>Rich Content</title>
      <link>https://gohugo.io/post/rich-content/</link>
      <pubDate>Sun, 10 Mar 2019 00:00:00 +0000</pubDate>
      
      <guid>https://gohugo.io/post/rich-content/</guid>
      <description>&lt;p&gt;Hugo ships with several &lt;a href=&#34;https://gohugo.io/content-management/shortcodes/#use-hugo-s-built-in-shortcodes&#34;&gt;Built-in Shortcodes&lt;/a&gt; for rich content, along with a &lt;a href=&#34;https://gohugo.io/about/hugo-and-gdpr/&#34;&gt;Privacy Config&lt;/a&gt; and a set of Simple Shortcodes that enable static and no-JS versions of various social media embeds.&lt;/p&gt;</description>
    </item>
    
    <item>
      <title>Placeholder Text</title>
      <link>https://gohugo.io/post/placeholder-text/</link>
      <pubDate>Sat, 09 Mar 2019 00:00:00 +0000</pubDate>
      
      <guid>https://gohugo.io/post/placeholder-text/</guid>
      <description>&lt;p&gt;Lorem est tota propiore conpellat pectoribus de pectora summo.&lt;/p&gt;</description>
    </item>
    
    <item>
      <title>Math Typesetting</title>
      <link>https://gohugo.io/post/math-typesetting/</link>
      <pubDate>Fri, 08 Mar 2019 00:00:00 +0000</pubDate>
      
      <guid>https://gohugo.io/post/math-typesetting/</guid>
      <description>&lt;p&gt;Mathematical notation in a Hugo project can be enabled by using third party JavaScript libraries.&lt;/p&gt;</description>
    </item>
    
    <item>
      <title>Emoji Support</title>
      <link>https://gohugo.io/post/emoji-support/</link>
      <pubDate>Tue, 05 Mar 2019 00:00:00 +0000</pubDate>
      
      <guid>https://gohugo.io/post/emoji-support/</guid>
      <description>&lt;p&gt;Emoji can be enabled in a Hugo project in a number of ways.&lt;/p&gt;</description>
    </item>
    
    <item>
      <title>About</title>
      <link>https://gohugo.io/about/</link>
      <pubDate>Thu, 28 Feb 2019 00:00:00 +0000</pubDate>
      
      <guid>https://gohugo.io/about/</guid>
      <description>Written in Go, Hugo is an open source static site generator available under the Apache Licence 2.0. Hugo supports TOML, YAML and JSON data file types, Markdown and HTML content files and uses shortcodes to add rich content. Other notable features are taxonomies, multilingual mode, image processing, custom output formats, HTML/CSS/JS minification and support for Sass SCSS workflows.
Hugo makes use of a variety of open source projects including:
 https://github.</description>
    </item>
    
    <item>
      <title>CV</title>
      <link>https://gohugo.io/cv/</link>
      <pubDate>Thu, 28 Feb 2019 00:00:00 +0000</pubDate>
      
      <guid>https://gohugo.io/cv/</guid>
      <description>Written in Go, Hugo is an open source static site generator available under the Apache Licence 2.0. Hugo supports TOML, YAML and JSON data file types, Markdown and HTML content files and uses shortcodes to add rich content. Other notable features are taxonomies, multilingual mode, image processing, custom output formats, HTML/CSS/JS minification and support for Sass SCSS workflows.
Hugo makes use of a variety of open source projects including:
 https://github.</description>
    </item>
    
  </channel>
</rss>