<?xml version="1.0" encoding="utf-8" standalone="yes"?>
<rss version="2.0" xmlns:atom="http://www.w3.org/2005/Atom">
  <channel>
    <title>emoji on Hans Lendorf - Much more to come ...</title>
    <link>https://gohugo.io/tags/emoji/</link>
    <description>Recent content in emoji on Hans Lendorf - Much more to come ...</description>
    <generator>Hugo -- gohugo.io</generator>
    <language>en</language>
    <copyright>Hans Lendorf</copyright>
    <lastBuildDate>Tue, 05 Mar 2019 00:00:00 +0000</lastBuildDate>
    
	<atom:link href="https://gohugo.io/tags/emoji/index.xml" rel="self" type="application/rss+xml" />
    
    
    <item>
      <title>Emoji Support</title>
      <link>https://gohugo.io/post/emoji-support/</link>
      <pubDate>Tue, 05 Mar 2019 00:00:00 +0000</pubDate>
      
      <guid>https://gohugo.io/post/emoji-support/</guid>
      <description>&lt;p&gt;Emoji can be enabled in a Hugo project in a number of ways.&lt;/p&gt;</description>
    </item>
    
  </channel>
</rss>