<?xml version="1.0" encoding="utf-8" standalone="yes"?>
<rss version="2.0" xmlns:atom="http://www.w3.org/2005/Atom">
  <channel>
    <title>Tags on Hans Lendorf - Much more to come ...</title>
    <link>https://gohugo.io/tags/</link>
    <description>Recent content in Tags on Hans Lendorf - Much more to come ...</description>
    <generator>Hugo -- gohugo.io</generator>
    <language>en</language>
    <copyright>Hans Lendorf</copyright>
    <lastBuildDate>Mon, 11 Mar 2019 00:00:00 +0000</lastBuildDate>
    
	<atom:link href="https://gohugo.io/tags/index.xml" rel="self" type="application/rss+xml" />
    
    
    <item>
      <title>css</title>
      <link>https://gohugo.io/tags/css/</link>
      <pubDate>Mon, 11 Mar 2019 00:00:00 +0000</pubDate>
      
      <guid>https://gohugo.io/tags/css/</guid>
      <description></description>
    </item>
    
    <item>
      <title>html</title>
      <link>https://gohugo.io/tags/html/</link>
      <pubDate>Mon, 11 Mar 2019 00:00:00 +0000</pubDate>
      
      <guid>https://gohugo.io/tags/html/</guid>
      <description></description>
    </item>
    
    <item>
      <title>markdown</title>
      <link>https://gohugo.io/tags/markdown/</link>
      <pubDate>Mon, 11 Mar 2019 00:00:00 +0000</pubDate>
      
      <guid>https://gohugo.io/tags/markdown/</guid>
      <description></description>
    </item>
    
    <item>
      <title>themes</title>
      <link>https://gohugo.io/tags/themes/</link>
      <pubDate>Mon, 11 Mar 2019 00:00:00 +0000</pubDate>
      
      <guid>https://gohugo.io/tags/themes/</guid>
      <description></description>
    </item>
    
    <item>
      <title>privacy</title>
      <link>https://gohugo.io/tags/privacy/</link>
      <pubDate>Sun, 10 Mar 2019 00:00:00 +0000</pubDate>
      
      <guid>https://gohugo.io/tags/privacy/</guid>
      <description></description>
    </item>
    
    <item>
      <title>shortcodes</title>
      <link>https://gohugo.io/tags/shortcodes/</link>
      <pubDate>Sun, 10 Mar 2019 00:00:00 +0000</pubDate>
      
      <guid>https://gohugo.io/tags/shortcodes/</guid>
      <description></description>
    </item>
    
    <item>
      <title>text</title>
      <link>https://gohugo.io/tags/text/</link>
      <pubDate>Sat, 09 Mar 2019 00:00:00 +0000</pubDate>
      
      <guid>https://gohugo.io/tags/text/</guid>
      <description></description>
    </item>
    
    <item>
      <title>emoji</title>
      <link>https://gohugo.io/tags/emoji/</link>
      <pubDate>Tue, 05 Mar 2019 00:00:00 +0000</pubDate>
      
      <guid>https://gohugo.io/tags/emoji/</guid>
      <description></description>
    </item>
    
    <item>
      <title>index</title>
      <link>https://gohugo.io/tags/index/</link>
      <pubDate>Mon, 01 Jan 0001 00:00:00 +0000</pubDate>
      
      <guid>https://gohugo.io/tags/index/</guid>
      <description></description>
    </item>
    
  </channel>
</rss>